{"cameraMode":{"drawMode":0,"name":"Shaded","section":"Shading Mode"},"sceneLighting":false,"audioPlay":false,"sceneViewState":{"m_AlwaysRefresh":false,"showFog":false,"showSkybox":false,"showFlares":false,"showImageEffects":false,"showParticleSystems":false,"showVisualEffectGraphs":true,"m_FxEnabled":true},"in2DMode":false,"pivot":{"x":-0.01692986488342285,"y":0.7480186820030212,"z":0.06450749933719635},"rotation":{"x":0.004577524960041046,"y":0.9281046390533447,"z":-0.3721066117286682,"w":0.01141789834946394},"size":1.105950951576233,"orthographic":false}